<?xml version="1.0" encoding="utf-8"?>
<access component="com_formmaker">
	<section name="component">
		<action name="core.admin" title="JACTION_ADMIN" description="JACTION_ADMIN_COMPONENT_DESC" />
		<action name="core.manage" title="JACTION_MANAGE" description="JACTION_MANAGE_COMPONENT_DESC" />
		<action name="core.create" title="JACTION_CREATE" description="JACTION_CREATE_COMPONENT_DESC" />
		<action name="core.delete" title="JACTION_DELETE" description="JACTION_DELETE_COMPONENT_DESC" />
		<action name="core.edit" title="JACTION_EDIT" description="JACTION_EDIT_COMPONENT_DESC" />
		<action name="core.edit.own" title="JACTION_EDITOWN" description="JACTION_EDITOWN_COMPONENT_DESC" />
		<action name="core.manage.submits" title="JACTION_MANAGE_SUBMITS" description="JACTION_MANAGE_SUBMITS_COMPONENT_DESC" />
		<action name="core.manage.submits.own" title="JACTION_MANAGE_SUBMITS_OWN" description="JACTION_MANAGE_SUBMITS_OWN_COMPONENT_DESC" />
		<action name="core.delete.submits" title="JACTION_DELETE_SUBMITS" description="JACTION_DELETE_SUBMITS_COMPONENT_DESC" />
		<action name="core.edit.submits" title="JACTION_EDIT_SUBMITS" description="JACTION_EDIT_COMPONENT_DESC" />		
		<action name="core.block" title="JACTION_BLOCK_IP" description="JACTION_BLOCK_IP_COMPONENT_DESC" />
	</section>
</access>